Country,City,CameraName,CameraURL
us,"AL, Florence",Lion's Den Cam,https://www.earthcam.com/usa/alabama/florence/
us,"AK, Sitka",Sitka Cam,https://www.earthcam.com/usa/alaska/sitka/
us,"AK, Tenakee Springs",Tenakee Springs Cam,https://www.earthcam.com/usa/alaska/tenakeesprings/
us,"AZ, Fountain Hills",Fountain Hills Cam,https://www.earthcam.com/usa/arizona/fountainhills/
us,"AZ, Grand Canyon Village",Grand Canyon Cam,https://www.earthcam.com/usa/arizona/grandcanyon/
us,"AZ, Prescott",Prescott Cam,https://www.earthcam.com/usa/arizona/prescott/
us,"AZ, Goodyear",Recreation Campus Cam,https://www.earthcam.com/usa/arizona/goodyear/
us,"AZ, Sedona",Red Rock Cam,https://www.earthcam.com/usa/arizona/sedona/redrock/?cam=sedona_hd
us,"AZ, Sedona",Sedona Cam,https://www.earthcam.com/usa/arizona/sedona/
us,"AZ, Sedona",Seven Arches Cam,https://www.earthcam.com/usa/arizona/sedona/sevenarches/?cam=sedona7
us,"CA, Rutherford",Alpha Omega Winery,https://www.earthcam.com/usa/california/rutherford/
us,"CA, Sacramento",Falcon Cam,https://www.earthcam.com/usa/california/davis/?cam=ucdavisfalcon
us,"CA, Sacramento",Falcon Cam - Nest View,https://www.earthcam.com/usa/california/davis/?cam=ucdavisfalcon_nest
us,"CA, Indian Wells",Indian Wells Fairway Cam,https://www.earthcam.com/usa/california/indianwells/?cam=indianwells_fairway
us,"CA, Indian Wells",Indian Wells Putting Course,https://www.earthcam.com/usa/california/indianwells/?cam=indianwells_puttingcourse
us,"CA, Indian Wells",Indian Wells Tee Cam,https://www.earthcam.com/usa/california/indianwells/?cam=indianwells_tee
us,"CA, Newport Coast",Newport Coast Cam,https://www.earthcam.com/usa/california/newportcoast/
us,"CA, Ojai",Ojai Valley Cam,https://www.earthcam.com/usa/california/ojai/?cam=ojaivalley
us,"CA, Los Angeles",Port of LA - San Pedro,https://www.earthcam.com/usa/california/losangeles/port/?cam=portofla
us,"CA, Los Angeles",Port of LA - Wilmington,https://www.earthcam.com/usa/california/losangeles/port/?cam=portofla2
us,"CA, San Diego",San Diego Bay Cam,https://www.earthcam.com/usa/california/sandiego/bay/
us,"CA, San Diego",San Diego Harbor Cam,https://www.earthcam.com/usa/california/sandiego/harbor/
us,"CA, San Francisco",San Francisco Bayfront Cam,https://www.earthcam.com/usa/california/sanfrancisco/?cam=rowingclub
us,"CA, Santa Monica",Santa Monica Cam,https://www.earthcam.com/usa/california/santamonica/
us,"CO, Breckenridge",Rocky Mountains Cam,https://www.earthcam.com/usa/colorado/breckenridge/mountain/?cam=breckenridge_mountain
us,"CO, Pagosa Springs",Pagosa Peak Cam,http://myearthcam.com/mlphoto
us,"CT, Mystic",Downtown Mystic Cam,https://www.earthcam.com/usa/connecticut/mystic/
us,"CT, New London",New London Harbor Cam,https://www.earthcam.com/usa/connecticut/newlondon/
us,"CT, Norwalk",Ripka's Beach Cam,https://www.earthcam.com/usa/connecticut/norwalk/
us,"DC, Washington",Bloom Cam,https://www.earthcam.com/usa/dc/cherryblossoms/?cam=cherryblossoms2
us,"DC, Washington",Capitol Cam,https://www.earthcam.com/usa/dc/capitol/?cam=dc_capitol
us,"DC, Washington",Kennedy Center Cam,https://www.earthcam.com/usa/dc/?cam=dc_kennedycenter
us,"DC, Washington",WAMO Cam,https://www.earthcam.com/usa/dc/washingtonmonument/?cam=wamo
us,"FL, Lauderdale-By-The-Sea",Anglins Pier Cam,https://www.earthcam.com/usa/florida/lauderdalebythesea/town/?cam=lbts_beach
us,"FL, Lauderdale-By-The-Sea",Anglins Square Cam,https://www.earthcam.com/usa/florida/lauderdalebythesea/town/?cam=lbts_town
us,"FL, Miami",Brickell Key Cam,https://www.earthcam.com/usa/florida/miami/brickellkey/
us,"FL, Coral Springs",Coral Springs Cam,https://www.earthcam.com/usa/florida/coralsprings/
us,"FL, Destin",Destin Cam,https://www.earthcam.com/usa/florida/destin/?cam=destin
us,"FL, Dunedin",Dunedin Cam,https://www.earthcam.com/usa/florida/dunedin/stjosephsound/
us,"FL, Englewood",Englewood Beach Cam,https://www.earthcam.com/usa/florida/portcharlotte/
us,"FL, DSCOVR Satellite",EPIC Cam,https://www.earthcam.com/world/dscovr/
us,"FL, Fort Lauderdale",Everglades Cam,https://www.earthcam.com/usa/florida/fortlauderdale/everglades/
us,"FL, New Smyrna Beach",Flagler Avenue Beach Cam,https://www.earthcam.com/usa/florida/newsmyrnabeach/
us,"FL, Miami",Flamingo Cam,https://www.earthcam.com/usa/florida/miami/flamingo/
us,"FL, Fort Lauderdale",Florida Marina Cam,https://www.earthcam.com/usa/florida/fortlauderdale/marina/
us,"FL, Port Richey",Florida State Park Cam,https://www.earthcam.com/usa/florida/portrichey/
us,"FL, Fort Myers",Fort Myers Riverfront Cam,https://www.earthcam.com/usa/florida/fortmyers/riverfront/
us,"FL, Pensacola",Gulf Beach Cam,https://www.earthcam.com/usa/florida/pensacola/gulf/
us,"FL, Daytona Beach",Halifax Humane Society Cam,https://www.earthcam.com/usa/florida/daytona/halifax/
us,"FL, Hillsboro Beach",Hillsboro Lighthouse Cam,https://www.earthcam.com/usa/florida/hillsboro/
us,"FL, Marco Island",Island Bike Shop Cam,https://www.earthcam.com/usa/florida/marcoisland/bikeshop/
us,"FL, West Palm Beach",Manatee Lagoon Cam,https://www.earthcam.com/usa/florida/rivierabeach/manatee/?cam=manatee
us,"FL, Marco Island",Marco Island Beach Cam,https://www.earthcam.com/usa/florida/marcoisland/beach/
us,"FL, Marco Island",Marco Island Marina Cam,https://www.earthcam.com/usa/florida/marcoisland/marina/
us,"FL, Miami",Meerkat Cam,https://www.earthcam.com/usa/florida/miami/meerkat/
us,"FL, Miami",Miami News Cafe,https://www.earthcam.com/usa/florida/miami/?cam=miami_newscafe
us,"FL, Miami",Miami Resort View Cam,https://www.earthcam.com/usa/florida/miami/resort/
us,"FL, Naples",Naples Botanical Garden Cam,https://www.earthcam.com/usa/florida/naples/botanicalgarden/
us,"FL, Naples",Naples Pier Sunset Cam,https://www.earthcam.com/usa/florida/naples/?cam=naplespier
us,"FL, Tarpon Springs",Nature Preserve Cam,https://www.earthcam.com/usa/florida/tarponsprings/
us,"FL, Manalapan",Palm Beach Cam,https://www.earthcam.com/usa/florida/manalapan/palmbeach/
us,"FL, Panama City",Panama City Beach Cam,https://www.earthcam.com/usa/florida/panamacitybeach/?cam=panamacitybeach
us,"FL, Gulf Breeze",Pensacola Watersports Cam,https://www.earthcam.com/usa/florida/pensacola/beach/
us,"FL, Orlando",Planet Earth Cam,https://www.earthcam.com/cams/earth/space/?cam=nasa_iss
us,"FL, Longboat Key",Sand Cay Beach Cam,https://www.earthcam.com/usa/florida/longboatkey/
us,"FL, Destin",Sandestin Beach,https://www.earthcam.com/usa/florida/destin/sandestinbeach/?cam=sandestin
us,"FL, Tampa",Tampa Cam,https://www.earthcam.com/usa/florida/tampa/
us,"FL, Tampa",Tampa Skyline Cam,https://www.earthcam.com/usa/florida/tampa/skyline/
us,"FL, West Palm Beach",Underwater Manatee Cam,https://www.earthcam.com/usa/florida/rivierabeach/manatee/?cam=underwatermanatee
us,"FL, Watersound",Watersound Beach Club Cam,https://www.earthcam.com/usa/florida/watersound/
us,"FL, Lauderdale-By-The-Sea",Windjammer Beach Club Cam,https://www.earthcam.com/usa/florida/lauderdalebythesea/?cam=windjammer
us,"GA, Atlanta",Atlanta Skyline Cam,https://www.earthcam.com/usa/georgia/atlanta/skyline/
us,"GA, Atlanta",Centennial Olympic Park Cam,https://www.earthcam.com/usa/georgia/atlanta/
us,"GA, Brunswick",College of Coastal Georgia Cam,https://www.earthcam.com/usa/georgia/brunswick/
us,"GA, Rising Fawn",The McLemore Golf Cam,https://www.earthcam.com/usa/georgia/risingfawn/
us,"HI, Kauai",Poipu Beach Cam,https://www.earthcam.com/usa/hawaii/kauai/
us,"HI, Honolulu",Waikiki Beach Cam,https://www.earthcam.com/usa/hawaii/waikiki/beach/
us,"HI, Honolulu",Waikiki Cam,https://www.earthcam.com/usa/hawaii/waikiki/
us,"HI, Waikoloa",Waikoloa Village Cam,https://www.earthcam.com/usa/hawaii/bigisland/waikoloa/
us,"ID, Idaho Falls",Penguin Cam,https://www.earthcam.com/usa/idaho/idahofalls/
us,"IL, Chicago",Chicago Cam,https://www.earthcam.com/usa/illinois/chicago/field/
us,"IL, Chicago",Midway Airport Cam,https://www.earthcam.com/usa/illinois/chicago/midwayairport/
us,"IL, Winthrop Harbor",North Point Marina Cam,http://www.earthcam.com/usa/illinois/winthropharbor/
us,"IL, Chicago",Skydeck Cam,https://www.earthcam.com/usa/illinois/chicago/skydeck/?cam=chicagoskydeck
us,"IL, Chicago",Skydeck Cam - North View,https://www.earthcam.com/usa/illinois/chicago/skydeck/?cam=chicagoskydeck2
us,"IL, Lovington",Soybean Farm Cam,https://www.earthcam.com/usa//illinois/lovington/
us,"IL, Chicago",Wrigley Field Cam,https://www.earthcam.com/usa/illinois/chicago/wrigleyfield/?cam=wrigleyfield_hd
us,"IL, Chicago",Wrigleyville Cam,https://www.earthcam.com/usa/illinois/chicago/wrigleyville/?cam=wrigleyville
us,"IN, Nashville",Brown County Leaf Cam,https://www.earthcam.com/usa/indiana/nashville/?cam=nashville_in
us,"IN, Carmel",Downtown Carmel Cam,https://www.earthcam.com/usa/indiana/carmel/
us,"IN, South Bend",University of Notre Dame Cam,https://www.earthcam.com/usa/indiana/notredame/
us,"IA, Dyersville",Field of Dreams Movie Site Cam,https://www.earthcam.com/usa/iowa/dyersville/
us,"KY, Covington",Cincinnati-Covington Cam,https://www.earthcam.com/usa/kentucky/covington/
us,"KY, Hyden",Hyden Cam,https://www.earthcam.com/usa/kentucky/hyden/
us,"KY, Louisville",Ohio River Cam,https://www.earthcam.com/usa/kentucky/louisville
us,"KY, Scottsville",Scottsville Main Street Cam,https://www.earthcam.com/usa/kentucky/scottsville/
us,"LA, New Orleans",Cats Meow Karaoke,https://www.earthcam.com/usa/louisiana/neworleans/bourbonstreet/?cam=catsmeowkaraoke
us,"LA, New Orleans",Cats Meow Karaoke Stage Cam,https://www.earthcam.com/usa/louisiana/neworleans/bourbonstreet/?cam=catsmeow
us,"LA, New Orleans",New Orleans Bourbon Street,https://www.earthcam.com/usa/louisiana/neworleans/bourbonstreet/?cam=bourbonstreet
us,"LA, New Orleans",New Orleans Cats Meow Balcony,https://www.earthcam.com/usa/louisiana/neworleans/bourbonstreet/?cam=catsmeow2
us,"ME, Bar Harbor",Frenchman Bay Cam,https://www.earthcam.com/usa/maine/barharbor/
us,"ME, Bar Harbor",Osprey Cam,https://www.earthcam.com/usa/maine/barharbor/osprey/
us,"ME, Lamoine",Osprey Cam,https://www.earthcam.com/usa/maine/lamoine/
us,"ME, Peaks Island",Peaks Island Cam,https://www.earthcam.com/usa/maine/peaksisland/
us,"ME, Casco",Thompson Lake Marina,https://myearthcam.com/thompsonlake
us,"MD, Columbia",Columbia Lakefront Cam,https://www.earthcam.com/usa/maryland/columbia/
us,"MD, Baltimore",Fort McHenry Cam - Fort View,https://www.earthcam.com/usa/maryland/baltimore/fortmchenry/?cam=fortmchenry2
us,"MD, Baltimore",Inner Harbor Cam,https://www.earthcam.com/usa/maryland/baltimore/
us,"MD, Baltimore",Jellyfish Cam,https://www.earthcam.com/usa/maryland/baltimore/aquarium/?cam=jellyfish
us,"MD, North East",Sandy Cove Cam,https://www.earthcam.com/usa/maryland/northeast/sandycove/
us,"MD, Baltimore",Shark Cam,https://www.earthcam.com/usa/maryland/baltimore/aquarium/?cam=blacktipreef
us,"MD, Baltimore",Tropical Fish Cam,https://www.earthcam.com/usa/maryland/baltimore/aquarium/?cam=coralreef
us,"MA, Onset",Glen Cove Cam,https://www.earthcam.com/usa/massachusetts/onset/
us,"MA, Oxford",Osprey Cam,https://www.earthcam.com/usa/massachusetts/oxford/
us,"MA, Gloucester",Osprey Cam,https://www.earthcam.com/usa/massachusetts/essex/?cam=essex_osprey
us,"MA, Boston",Osprey Cam,https://www.earthcam.com/usa/massachusetts/boston/osprey/
us,"MI, Clinton Township",Falcon Cam,https://www.earthcam.com/usa/michigan/clinton/
us,"MI, Warren",Falcon Cam,https://www.earthcam.com/usa/michigan/warren/falcon/
us,"MI, Grand Haven",Lake Michigan Cam,https://www.earthcam.com/usa/michigan/grandhaven/lakemichigan/
us,"MI, Clinton Township",Macomb County Animal Shelter Cam,https://www.earthcam.com/usa/michigan/clinton/animalshelter/
us,"MI, Brighton",Michigan Mill Pond Cam,https://www.earthcam.com/usa/michigan/brighton/
us,"MI, Gaylord",Michigan Snowman Cam,https://www.earthcam.com/usa/michigan/gaylord/snowman/?cam=snowman
us,"MI, St Joseph",Silver Beach Cam,https://www.earthcam.com/usa/michigan/stjoseph/lakemichigan/
us,"MI, Fruitport",Village of Fruitport,https://www.earthcam.com/usa/michigan/fruitport/
us,"MN, International Falls",Rainy Lake Cam,https://www.earthcam.com/usa/minnesota/internationalfalls/
us,"MN, St. Paul",Saint Paul Cam,https://www.earthcam.com/usa/minnesota/saintpaul/?cam=stpaul
us,"MS, Vicksburg",Mississippi River Cams - Bridge View,https://www.earthcam.com/usa/mississippi/vicksburg/?cam=ms_bridge
us,"MS, Vicksburg",Mississippi River Cams - River View,https://www.earthcam.com/usa/mississippi/vicksburg/?cam=ms_river
us,"MO, Franklin County",Falcon Cam,https://www.earthcam.com/usa/missouri/franklincounty/?cam=falcon_franklin
us,"MO, Kansas City",Kansas City Cam,https://www.earthcam.com/usa/missouri/kansascity/
us,"MO, Hannibal",Mark Twain Cam,https://www.earthcam.com/usa/missouri/hannibal/
us,"MO, St. Louis",St. Louis Arch Cam,https://www.earthcam.com/usa/missouri/stlouis/?cam=arch_riverview
us,"MT, Big Sky",Big Sky Cam,https://www.earthcam.com/usa/montana/bigsky/
us,"NE, Omaha",Falcon Cam,https://www.earthcam.com/usa/nebraska/omaha/falconcam/
us,"NV, Las Vegas",Allegiant Stadium Cam,https://www.earthcam.com/usa/nevada/lasvegas/stadium/
us,"NV, Las Vegas",Bellagio Conservatory Cam,https://www.earthcam.com/usa/nevada/lasvegas/bellagio/
us,"NV, Lake Tahoe",Edgewood Tahoe Resort Cam,https://www.earthcam.com/usa/nevada/laketahoe/
us,"NV, Las Vegas",Elvis Wedding Chapel,https://www.earthcam.com/usa/nevada/lasvegas/index.php?cam=wedding
us,"NV, Las Vegas",Fremont Street,https://www.earthcam.com/usa/nevada/lasvegas/fremontstreet/
us,"NV, Las Vegas",Las Vegas Karaoke Cam,https://www.earthcam.com/usa/nevada/lasvegas/karaoke/
us,"NV, Las Vegas",South Las Vegas Cam,https://www.earthcam.com/usa/nevada/lasvegas/skyline/?cam=lasvegas
us,"NV, Las Vegas",Welcome to Fabulous Las Vegas,https://www.earthcam.com/usa/nevada/lasvegas/?cam=sign_hd
us,"NH, Bretton Woods",Bretton Woods Cam,https://www.earthcam.com/usa/newhampshire/brettonwoods/
us,"NJ, Oakland",Animal Rescue Cam,https://www.earthcam.com/usa/newjersey/oakland/
us,"NJ, Atlantic Highlands",Atlantic Highlands Cam,https://www.earthcam.com/usa/newjersey/atlantichighlands/
us,"NJ, Bridgewater",Bridgewater Pickleball Cam,https://www.earthcam.com/usa/newjersey/bridgewater/
us,"NJ, Jersey City",Jersey City Hudson River Cam,https://www.earthcam.com/usa/newyork/skyline/?cam=hyatthd
us,"NJ, Weehawken",Lincoln Harbor Cam,https://www.earthcam.com/usa/newjersey/weehawken/
us,"NJ, Paterson",Paterson Falls Cam,https://www.earthcam.com/usa/newjersey/paterson/
us,"NJ, Seaside Heights",Seaside Heights Cam - Amusement Park View,https://www.earthcam.com/usa/newjersey/seasideheights/?cam=seasideheights3
us,"NJ, Seaside Heights",Seaside Heights Cam - Boardwalk View,https://www.earthcam.com/usa/newjersey/seasideheights/?cam=seasideheights2
us,"NJ, Seaside Heights",Seaside Heights Cam - North View,https://www.earthcam.com/usa/newjersey/seasideheights/?cam=seasideheights
us,"NJ, Wildwood",Wildwoods Cam,https://www.earthcam.com/usa/newjersey/wildwood/
us,"NM, Roswell",Roswell Cam,https://www.earthcam.com/usa/newmexico/roswell/
us,"NM, Santa Fe",Santa Fe Cam,https://www.earthcam.com/usa/newmexico/santafe/
us,"NM, Ruidoso",Village of Ruidoso - Grindstone Lake View,https://www.earthcam.com/usa/newmexico/ruidoso/?cam=ruidoso_lake
us,"NM, Ruidoso",Village of Ruidoso - Parks and Recreation Office,https://www.earthcam.com/usa/newmexico/ruidoso/?cam=ruidoso_parksrec
us,"NM, Ruidoso",Village of Ruidoso- Midtown View,https://www.earthcam.com/usa/newmexico/ruidoso/?cam=ruidoso_town
,,,https://www.earthcam.com/usa/newyork/911memorialmuseum/?cam=911memorial
,,,https://www.earthcam.com/usa/newyork/brooklynbridge/
,,,https://www.earthcam.com/usa/newyork/columbuscircle/
,,,https://www.earthcam.com/usa/newyork/coneyisland/?cam=coneyisland
,,,https://www.earthcam.com/usa/newyork/statueofliberty/?cam=liberty_ellisisland
,,,https://www.earthcam.com/usa/newyork/empirestatebuilding/?cam=esb37
,,,https://www.esbnyc.com/earthcam-empire-state-building
,,,https://www.esbnyc.com/earthcam-empire-state-building
,,,https://www.earthcam.com/usa/newyork/statenisland/
,,,https://www.earthcam.com/usa/newyork/heraldsquare/?cam=heraldsquare_nyc
,,,https://www.earthcam.com/usa/newyork/highline/
,,,https://www.earthcam.com/usa/newyork/midtown/skyline/?cam=midtown4k
,,,https://www.earthcam.com/usa/newyork/littleitaly/?cam=littleitaly
,,,https://www.earthcam.com/usa/newyork/newyorkharbor/?cam=nyharbor
,,,https://www.earthcam.com/usa/newyork/statueofliberty/?cam=liberty_str
,,,https://www.earthcam.com/usa/newyork/statueofliberty/?cam=liberty_crown
,,,https://www.earthcam.com/usa/newyork/statueofliberty/?cam=liberty_hd
,,,https://www.earthcam.com/usa/newyork/timessquare/?cam=tsrobo1
,,,https://www.earthcam.com/usa/newyork/timessquare/?cam=tsrobo3
,,,https://www.earthcam.com/usa/newyork/timessquare/?cam=tstwo_hd2
,,,https://www.earthcam.com/usa/newyork/timessquare/?cam=tsstreet
,,,https://www.earthcam.com/usa/newyork/rockefellercenter/
,,,https://www.earthcam.com/usa/newyork/worldtradecenter/?cam=skyline_g
,,,https://www.earthcam.com/usa/newyork/indianlake/bluemountainlake/?cam=bluemountainlake
,,,https://www.earthcam.com/usa/newyork/indianlake/bluemountainlake/?cam=bluemountainlake2
,,,https://www.earthcam.com/usa/newyork/corning/?cam=corning_ny
,,,https://www.earthcam.com/usa/newyork/webster/
,,,https://www.earthcam.com/usa/newyork/saranaclake/?cam=saranac2
,,,https://www.earthcam.com/usa/newyork/saranaclake/?cam=saranac1
,,,https://www.earthcam.com/usa/newyork/lakegeorge/
,,,https://www.earthcam.com/usa/newyork/montauk/
,,,https://www.earthcam.com/usa/newyork/longislandcity/
,,,https://www.earthcam.com/usa/newyork/pathofliberty/?cam=pathofliberty
,,,https://www.earthcam.com/usa/newyork/portjefferson/
,,,https://www.earthcam.com/usa/newyork/pulaski/?cam=pulaski_salmon2
,,,https://www.earthcam.com/usa/newyork/pulaski/?cam=pulaski_salmon
,,,https://www.earthcam.com/usa/newyork/stonybrook/?cam=stonybrook_town
,,,https://www.earthcam.com/usa/newyork/stonybrook/?cam=stonybrook_village
,,,https://www.earthcam.com/usa/newyork/midtown/onevanderbilt/
,,,https://www.earthcam.com/usa/newyork/saranaclake/waterfront/?cam=saranac_waterfront1
,,,https://www.earthcam.com/usa/newyork/saranaclake/waterfront/?cam=saranac_waterfront2
us,"NC, Ennice",Blue Ridge Parkway Cam,https://myearthcam.com/mountainwxman
us,"NC, Asheville",Asheville Cam,https://www.earthcam.com/usa/northcarolina/asheville/?cam=asheville
us,"NC, Belmont",Belmont Cam,https://www.earthcam.com/usa/northcarolina/belmont/
us,"NC, Asheville",Biltmore House,https://www.earthcam.com/usa/northcarolina/asheville/biltmore/?cam=biltmorehouse
us,"NC, Manteo",Bonner Pier Cam,https://www.earthcam.com/usa/northcarolina/manteo/
us,"NC, Hickory",Hickory Foothills Cam,https://www.earthcam.com/usa/northcarolina/hickory/
us,"NC, Mooresville",Lake Norman Wildlife Cam,https://www.earthcam.com/usa/northcarolina/mooresville/?cam=ncwildlife
us,"NC, Mooresville",Osprey Cam,https://www.earthcam.com/usa/northcarolina/mooresville/?cam=osprey_nc
us,"NC, Columbia",Red Wolf Cam,https://www.earthcam.com/usa/northcarolina/columbia/redwolf/?cam=redwolfcenter
us,"NC, Columbia",Red Wolf Den,https://www.earthcam.com/usa/northcarolina/columbia/redwolf/?cam=redwolfcenter_den
us,"ND, Cavalier",City of Cavalier Cam,https://www.earthcam.com/usa/northdakota/cavalier/
us,"ND, Lakota",City of Lakota Cam,https://www.earthcam.com/usa/northdakota/lakota/
us,"OH, Cincinnati",Cincinnati Cam,https://www.earthcam.com/usa/ohio/cincinnati/?cam=cincinnati
us,"OH, Cincinnati",Cincinnati Skyline Cam,https://www.earthcam.com/usa/ohio/cincinnati/skyline/
us,"OH, Lakewood",Cleveland Cam,https://www.earthcam.com/usa/ohio/cleveland/
us,"OH, Cleveland",Terminal Tower Cam,https://www.earthcam.com/usa/ohio/cleveland/terminaltower/
us,"OH, Northwood",Holiday Critters Cam,https://myearthcam.com/ohiolutes
us,"OK, Alva",Northwestern Oklahoma State University Campus Cam,https://www.earthcam.com/usa/oklahoma/alva/
us,"OK, Oklahoma City",Oklahoma City Cam,https://www.earthcam.com/usa/oklahoma/oklahomacity/
us,"OK, Edmond",University of Central Oklahoma,https://www.earthcam.com/usa/oklahoma/edmond/
us,"PA, Bethel Park",Andy Warhol FigmentCam,https://www.earthcam.com/usa/pennsylvania/pittsburgh/warhol/?cam=warhol_figmentstream
us,"PA, Bethlehem",Bethlehem Cam,https://www.earthcam.com/usa/pennsylvania/bethlehem/
us,"PA, Pittsburgh",ChurchCam,https://www.earthcam.com/usa/pennsylvania/pittsburgh/warhol/?cam=warhol_churchcam
us,"PA, Franklin",Downtown Franklin Cam,http://www.earthcam.com/usa/pennsylvania/franklin/
us,"PA, Bethel Park",FigmentCam - Megapixel,https://www.earthcam.com/usa/pennsylvania/pittsburgh/warhol/?cam=warhol_figmentmp
us,"PA, Bethel Park",FigmentCam Pop Art,https://www.earthcam.com/usa/pennsylvania/pittsburgh/warhol/?cam=warhol_popart
us,"PA, Shanksville",Flight 93 Memorial - Tower of Voices,https://www.earthcam.com/usa/pennsylvania/shanksville/?cam=flight93_hd
us,"PA, Kane",McCleery Wolf Sculpture Cam,https://www.earthcam.com/usa/pennsylvania/kane/
us,"PA, Philadelphia",Philadelphia Cam,https://www.earthcam.com/usa/pennsylvania/philadelphia/
us,"PA, Pittsburgh",Pittsburgh Cam,https://www.earthcam.com/usa/pennsylvania/pittsburgh/
us,"PA, Scranton",Steamtown Cam,https://www.earthcam.com/usa/pennsylvania/scranton/
us,"SC, Greenville",Giraffe Cam Barn,https://www.earthcam.com/usa/southcarolina/greenville/?cam=giraffe_int
us,"SC, Greenville",Giraffe Cam Paddock,https://www.earthcam.com/usa/southcarolina/greenville/?cam=giraffe_ext
us,"SC, Kiawah Island",Kiawah Island Cam,https://www.earthcam.com/usa/southcarolina/kiawahisland/?cam=kiawahisland
us,"SC, Kiawah Island",Kiawah Island Golf Cam,https://www.earthcam.com/usa/southcarolina/kiawahisland/?cam=kiawah_island_hd
us,"SC, Myrtle Beach",Myrtle Beach Cam - North View,https://www.earthcam.com/usa/southcarolina/myrtlebeach/?cam=myrtlebeach_hd2
us,"SC, Myrtle Beach",Myrtle Beach Volleyball Cam,https://www.earthcam.com/usa/southcarolina/myrtlebeach/?cam=myrtlebeach_hd
us,"SC, Spartanburg",Pacolet River,https://www.earthcam.com/usa/southcarolina/spartanburg/
us,"SC, Myrtle Beach",Sea Crest Oceanfront Resort Cam,https://www.earthcam.com/usa/southcarolina/myrtlebeach/resort/?cam=seacrest
us,"TN, Walland",Blackberry Mountain Cam,https://www.earthcam.com/usa/tennessee/walland/blackberrymountain/
us,"TN, Nashville",Nashville Cam,https://www.earthcam.com/usa/tennessee/nashville/
us,"TN, Bristol",Speedway Cam,https://www.earthcam.com/usa/tennessee/bristol/
us,"TX, Dallas",Dallas Skyline Cam,https://www.earthcam.com/usa/texas/dallas/
us,"TX, Dallas",Dealey Plaza Cam,https://www.earthcam.com/usa/texas/dallas/dealeyplaza/
us,"TX, Dripping Springs",Dripping Springs Cam,https://www.earthcam.com/usa/texas/drippingsprings/
us,"TX, Dallas",Gas Monkey Garage Cam,https://www.earthcam.com/usa/texas/dallas/gasmonkey/
us,"TX, Seagraves",Hotel Texan Cam,https://www.earthcam.com/usa/texas/seagraves/
us,"TX, Lakeway",Lake Travis Cam,https://www.earthcam.com/usa/texas/lakeway/
us,"TX, Dallas",Reunion Tower Cam,https://www.earthcam.com/usa/texas/dallas/reuniontower/
us,"TX, La Porte",San Jacinto Monument Cam,https://www.earthcam.com/usa/texas/laporte/
us,"TX, Snyder","Snyder, TX Cam",https://www.earthcam.com/usa/texas/snyder/
us,"TX, Southlake",Southlake Town Square Cam,https://www.earthcam.com/usa/texas/southlake/
us,"TX, Houston",Uptown Skyline Cam,https://www.earthcam.com/usa/texas/houston/?cam=houston
us,"UT, Duck Creek Village",Zennest Zion Summit Cam,https://www.earthcam.com/usa/utah/duckcreekvillage/?cam=zionsummit
us,"VT, Stowe",Trapp Family Lodge Cam,https://www.earthcam.com/usa/vermont/stowe/
us,"VA, Charlottesville",Charlottesville Airport Cam,https://www.earthcam.com/usa/virginia/charlottesville/
us,"VA, Smithfield",Ham Cam,https://www.earthcam.com/usa/virginia/smithfield/
us,"WA, Seattle",Downtown Seattle Cam,https://www.earthcam.com/usa/washington/seattle/?cam=seattledowntown
us,"WA, Seattle",Seattle Skyline Cam,https://www.earthcam.com/usa/washington/seattle/?cam=seattleskyline
us,"WA, Seattle",Space Needle Cam,https://www.earthcam.com/usa/washington/seattle/?cam=seattlespaceneedle
us,"WI, Baraboo",Baraboo Cam,https://www.earthcam.com/usa/wisconsin/barabooo/
us,"WY, Afton",Afton Cam,https://www.earthcam.com/usa//wyoming/afton/
Anguilla,Meads Bay,Aleta Pool,https://www.earthcam.com/world/anguilla/meadsbay/?cam=aletapool
Anguilla,Barnes Bay,Barnes Bay,https://www.earthcam.com/world/anguilla/meadsbay/?cam=barnesbay
Anguilla,Meads Bay,Meads Bay,https://www.earthcam.com/world/anguilla/meadsbay/?cam=meadsbay_hd
Aruba,Oranjestad,Amsterdam Manor Beach Cam,https://www.earthcam.com/world/aruba/beachfront/
Aruba,Oranjestad,Bucuti Beach Cams - Beach View,https://www.earthcam.com/world/aruba/eaglebeach/?cam=bucuti3
Aruba,Oranjestad,Bucuti Beach Cams - Eagle Beach,https://www.earthcam.com/world/aruba/eaglebeach/?cam=bucuti1
Aruba,Oranjestad,Druif Resort Cams - Beach View,https://www.earthcam.com/world/aruba/druifbeach/?cam=casadelmar
Aruba,Oranjestad,Druif Resort Cams - Resort View,https://www.earthcam.com/world/aruba/druifbeach/?cam=casadelmar2
Aruba,Oranjestad,Playa Linda Resort Cams - Beach View,https://www.earthcam.com/world/aruba/beachresort/?cam=arubabeach
Aruba,Oranjestad,Playa Linda Resort Cams - Pool View,https://www.earthcam.com/world/aruba/beachresort/?cam=pooldeck
Bahamas,Nassau,Atlantis View Cam,https://www.earthcam.com/world/bahamas/nassau/
Bermuda,Pembroke,Bermuda Cam,http://myearthcam.com/seaair
Botswana,Chobe,Hideaways Camp Kuzuma Cam,https://www.earthcam.com/world/botswana/chobe/
Brazil,Rio de Janeiro,Rio de Janeiro Cam - Copacabana South,https://www.earthcam.com/world/brazil/riodejaneiro/?cam=rio_copacabana
Canada,Whitney,Algonquin Park Cam,https://www.earthcam.com/world/canada/ontario/whitney/
Canada,Toronto,CN Tower Cam - East View,https://www.earthcam.com/world/canada/toronto/cntower/?cam=cntower1
Canada,Toronto,CN Tower Cam - Tower View,https://www.earthcam.com/world/canada/toronto/cntower/?cam=towerview
Canada,Toronto,CN Tower Cam - West View,https://www.earthcam.com/world/canada/toronto/cntower/?cam=cntower2
Canada,Edmonton,Edmonton Cam,https://www.earthcam.com/world/canada/alberta/edmonton/
Canada,Niagara Falls,Niagara Falls - The Falls Cam,https://www.earthcam.com/world/canada/niagarafalls/thefalls/?cam=niagarafalls2
Canada,Niagara Falls,Niagara Falls Cam - Panorama View,https://www.earthcam.com/world/canada/niagarafalls/?cam=niagarafalls_str
Canada,Saint John,Kingston Peninsula Princess Ferry,https://myearthcam.com/tomfournier
Costa Rica,La Fortuna,Costa Rica Volcano Cam,https://www.earthcam.com/world/costarica/lafortuna/
England,London,Abbey Road Crossing Cam,http://www.abbeyroad.com/Crossing
England,London,Beatles Abbey Road Crossing,https://www.earthcam.com/world/england/london/abbeyroad/
Georgia,Tbilisi,Mtkvari River Cam,https://www.earthcam.com/world/georgia/tbilisi/mtkvaririver/
Georgia,Tbilisi,Tbilisi Freedom Square Cam,https://www.earthcam.com/world/georgia/tbilisi/
Germany,Radebeul,Radebeul Cam,https://myearthcam.com/elbtalblick
Honduras,Roatan Bay Islands,West Bay Beach Cam,https://www.earthcam.com/world/honduras/roatanbayislands/
Hungary,Budapest,Budapest Cam,https://www.earthcam.com/world/hungary/budapest/
Indonesia,Bali,Bali Elephant Cam Bathing Pool,https://www.earthcam.com/world/indonesia/bali/?cam=bali2
Indonesia,Bali,Bali Elephant Cam Trail Path,https://www.earthcam.com/world/indonesia/bali/?cam=bali1
Ireland,Dublin,Dublin Cam,https://www.earthcam.com/world/ireland/dublin/?cam=templebar
Ireland,Dublin,Dublin Pub Cam,https://www.earthcam.com/world/ireland/dublin/?cam=dublinpub
Israel,Jerusalem,Western Wall Cam,https://www.earthcam.com/world/israel/jerusalem/
Italy,Syracuse,Lemon Grove Cam,https://www.earthcam.com/world/italy/syracuse/
Italy,Trieste,Trieste Skyline,http://myearthcam.com/liveboramatta
Italy,Lazio,Tyrrhenian Sea Marina Cam,https://myearthcam.com/darsenaromanacv
Jamaica,Negril,Rick's Cafe Cam,https://www.earthcam.com/world/jamaica/negril/?cam=rickscafe
Mauritius,Pointe de Flacq,Mauritius Cam,https://www.earthcam.com/world/mauritius/
Netherlands,Amsterdam,Hotel Nes Cam,https://www.earthcam.com/world/netherlands/amsterdam/
New Zealand,Queenstown,New Zealand Cam,https://www.earthcam.com/world/newzealand/queenstown/
Northern Mariana Islands,Saipan,Saipan Beach Cam,https://www.earthcam.com/world/northernmarianaislands/saipan/
Puerto Rico,Fajardo,El Conquistador Resort,https://www.earthcam.com/world/puertorico/fajardo/?cam=el_conquistador_pr
Puerto Rico,Fajardo,El Conquistador Resort - El Yunque Rainforest,https://www.earthcam.com/world/puertorico/fajardo/?cam=yunque_pr
Puerto Rico,Fajardo,El Conquistador Resort - Palomino Island,https://www.earthcam.com/world/puertorico/fajardo/?cam=palomino_pr
Puerto Rico,Fajardo,El Conquistador Resort - Palomino Island Beach,https://www.earthcam.com/world/puertorico/fajardo/?cam=palomino_beach_pr
Russian Federation,Moscow,Moscow Skyline Cam,https://www.earthcam.com/world/russia/moscow/?cam=moscow_hd
Sint Maarten,Philipsburg,Sint Maarten Cam,https://www.earthcam.com/world/sintmaarten/
South Africa,Cape Town,Cape Town Cam,https://www.earthcam.com/world/southafrica/capetown/
South Korea,Seoul,Gangnam Cam,https://www.earthcam.com/world/southkorea/seoul/gangnam/
South Korea,Seoul,Songridan-gil Cam,https://www.earthcam.com/world/southkorea/seoul/songridangil/
Spain,Palma,Mallorca Cam,https://www.earthcam.com/world/spain/mallorca/
Spain,Tamariu,Tamariu Beach Cam,https://www.earthcam.com/world/spain/tamariu/
Taiwan,Pingtung County,Gangkou Bridge Cam,https://www.earthcam.com/world/taiwan/pingtungcounty/manzhoutownship/
Taiwan,New Taipei City,Linkou Old Street Cam,https://www.earthcam.com/world/taiwan/newtaipeicity/linkoudistrict/
Taiwan,Hualien City,Hualien City,https://myearthcam.com/hualiencity
Taiwan,Taitung City,Taitung City,https://myearthcam.com/taitungcity
Tanzania,Moshi,Mount Kilimanjaro Cam,https://www.earthcam.com/world/tanzania/moshi/
Thailand,Pattaya,Thailand Beach Cam,https://www.earthcam.com/world/thailand/pattaya/
"Virgin Islands, British",Tortola,Scrub Island Cam,https://www.earthcam.com/world/britishvirginislands/tortola/
"Virgin Islands, U.S.",St Thomas,Frenchman's Cove Cam,https://www.earthcam.com/world/virginislands/stthomas/
"Virgin Islands, U.S.",St Thomas,Mountain Top Overlook Cam,https://www.earthcam.com/world/virginislands/stthomas/overlook/
"Virgin Islands, U.S.",St. John,Saint John Cam,https://www.earthcam.com/world/virginislands/saintjohn/
"Virgin Islands, U.S.",St. Croix,St. Croix Cam,https://www.earthcam.com/usa/virginislands/stcroix/?cam=mmstcroix_hd
Wales,Milford Haven,Wales Cam,https://www.earthcam.com/world/uk/wales/