Location,URL
Alabama,https://www.earthcam.com/network/?country=us&page=AL
Alaska,https://www.earthcam.com/network/?country=us&page=AK
Arizona,https://www.earthcam.com/network/?country=us&page=AZ
California,https://www.earthcam.com/network/?country=us&page=CA
Colorado,https://www.earthcam.com/network/?country=us&page=CO
Connecticut,https://www.earthcam.com/network/?country=us&page=CT
District of Columbia,https://www.earthcam.com/network/?country=us&page=DC
Florida,https://www.earthcam.com/network/?country=us&page=FL
Georgia,https://www.earthcam.com/network/?country=us&page=GA
Hawaii,https://www.earthcam.com/network/?country=us&page=HI
Idaho,https://www.earthcam.com/network/?country=us&page=ID
Illinois,https://www.earthcam.com/network/?country=us&page=IL
Indiana,https://www.earthcam.com/network/?country=us&page=IN
Iowa,https://www.earthcam.com/network/?country=us&page=IA
Kentucky,https://www.earthcam.com/network/?country=us&page=KY
Louisiana,https://www.earthcam.com/network/?country=us&page=LA
Maine,https://www.earthcam.com/network/?country=us&page=ME
Maryland,https://www.earthcam.com/network/?country=us&page=MD
Massachusetts,https://www.earthcam.com/network/?country=us&page=MA
Michigan,https://www.earthcam.com/network/?country=us&page=MI
Minnesota,https://www.earthcam.com/network/?country=us&page=MN
Mississippi,https://www.earthcam.com/network/?country=us&page=MS
Missouri,https://www.earthcam.com/network/?country=us&page=MO
Montana,https://www.earthcam.com/network/?country=us&page=MT
Nebraska,https://www.earthcam.com/network/?country=us&page=NE
Nevada,https://www.earthcam.com/network/?country=us&page=NV
New Hampshire,https://www.earthcam.com/network/?country=us&page=NH
New Jersey,https://www.earthcam.com/network/?country=us&page=NJ
New Mexico,https://www.earthcam.com/network/?country=us&page=NM
New York,https://www.earthcam.com/network/?country=us&page=NY
North Carolina,https://www.earthcam.com/network/?country=us&page=NC
North Dakota,https://www.earthcam.com/network/?country=us&page=ND
Ohio,https://www.earthcam.com/network/?country=us&page=OH
Oklahoma,https://www.earthcam.com/network/?country=us&page=OK
Pennsylvania,https://www.earthcam.com/network/?country=us&page=PA
South Carolina,https://www.earthcam.com/network/?country=us&page=SC
Tennessee,https://www.earthcam.com/network/?country=us&page=TN
Texas,https://www.earthcam.com/network/?country=us&page=TX
Utah,https://www.earthcam.com/network/?country=us&page=UT
Vermont,https://www.earthcam.com/network/?country=us&page=VT
Virginia,https://www.earthcam.com/network/?country=us&page=VA
Washington,https://www.earthcam.com/network/?country=us&page=WA
Wisconsin,https://www.earthcam.com/network/?country=us&page=WI
Wyoming,https://www.earthcam.com/network/?country=us&page=WY
Anguilla,https://www.earthcam.com/network/?page=world&country=Anguilla
Aruba,https://www.earthcam.com/network/?page=world&country=Aruba
Bahamas,https://www.earthcam.com/network/?page=world&country=Bahamas
Bermuda,https://www.earthcam.com/network/?page=world&country=Bermuda
Botswana,https://www.earthcam.com/network/?page=world&country=Botswana
Brazil,https://www.earthcam.com/network/?page=world&country=Brazil
Canada,https://www.earthcam.com/network/?page=world&country=Canada
Costa Rica,https://www.earthcam.com/network/?page=world&country=Costa Rica
England,https://www.earthcam.com/network/?page=world&country=England
Georgia,https://www.earthcam.com/network/?page=world&country=Georgia
Germany,https://www.earthcam.com/network/?page=world&country=Germany
Honduras,https://www.earthcam.com/network/?page=world&country=Honduras
Hungary,https://www.earthcam.com/network/?page=world&country=Hungary
Indonesia,https://www.earthcam.com/network/?page=world&country=Indonesia
Ireland,https://www.earthcam.com/network/?page=world&country=Ireland
Israel,https://www.earthcam.com/network/?page=world&country=Israel
Italy,https://www.earthcam.com/network/?page=world&country=Italy
Jamaica,https://www.earthcam.com/network/?page=world&country=Jamaica
Mauritius,https://www.earthcam.com/network/?page=world&country=Mauritius
Netherlands,https://www.earthcam.com/network/?page=world&country=Netherlands
New Zealand,https://www.earthcam.com/network/?page=world&country=New Zealand
Northern Mariana Islands,https://www.earthcam.com/network/?page=world&country=Northern Mariana Islands
Puerto Rico,https://www.earthcam.com/network/?page=world&country=Puerto Rico
Russian Federation,https://www.earthcam.com/network/?page=world&country=Russian Federation
Sint Maarten,https://www.earthcam.com/network/?page=world&country=Sint Maarten
South Africa,https://www.earthcam.com/network/?page=world&country=South Africa
South Korea,https://www.earthcam.com/network/?page=world&country=South Korea
Spain,https://www.earthcam.com/network/?page=world&country=Spain
Taiwan,https://www.earthcam.com/network/?page=world&country=Taiwan
Tanzania,https://www.earthcam.com/network/?page=world&country=Tanzania
Thailand,https://www.earthcam.com/network/?page=world&country=Thailand
British Virgin Islands,"https://www.earthcam.com/network/?page=world&country=Virgin Islands, British"
U.S. Virgin Islands,"https://www.earthcam.com/network/?page=world&country=Virgin Islands, U.S."
Wales,https://www.earthcam.com/network/?page=world&country=Wales
